Header,ComicMarketCD-ROMCatalog,ComicMarket1608214,Shift_JIS,Windows 1.89.1
Color,1,4a94ff,4a94ff,
Color,2,ff00ff,ff00ff,
Color,3,00f7ff,00f7ff,
Color,4,4ab500,4ab500,
Color,5,ffb500,ffb500,
Color,6,9c529c,9c529c,
Color,7,ff0000,ff0000,
Color,8,00ff00,00ff00,
Color,9,0000ff,0000ff,
Circle,103422,1,95,3,日,東,Ａ,1,999,おでんランチ。,,あむぱか,,http://pixiv.me/otuok_panda_mp,,,,95,455,3,0,,https://twitter.com/amupaka,http://www.pixiv.net/member.php?id=241598,,,,
Circle,103474,1,96,19,日,東,Ａ,27,999,スタヂオK-ing,,,,http://www.sam.hi-ho.ne.jp/kimura/,,,,100,415,4,0,,,,,,,
UnKnown,少女2乗,,奥たまむし,,1,,http://blog.livedoor.jp/jyosi2/,,,https://twitter.com/tama_64,http://www.pixiv.net/member.php?id=962300,,,
UnKnown,味市,,アジイチ,,1,,http://k-aji36.lix.jp/aji.htm,,,https://twitter.com/ajiichi_nomoto,http://www.pixiv.net/member.php?id=1287005,,,
UnKnown,Xpanda,,,,1,,,,,,,,,
